,A,B,C,D
2000-01-01,1.0919871101412268,0.5123308389901465,2.0901117077055815,-1.0228874494999882
2000-01-02,-0.6621028567458032,0.20361072406701414,4.01173022406169,-0.7397683711090262
2000-01-03,-1.8302109308330823,-0.06294492889071918,1.8075693910028545,-0.7087655515505155
2000-01-04,-2.1694837089937176,-1.200919973217432,3.030045332456222,0.5142638637842337
2000-01-05,-2.494627378288371,-1.8373903018920856,2.5812268716490205,1.1309913601639239
2000-01-06,-2.383935380349256,-3.9517610603317586,4.8948584730462255,-0.1657344085558663
2000-01-07,-2.5477434299374346,-6.444910458854183,4.027384621376722,-0.43969390056702284
2000-01-08,-1.8008421376262258,-4.705042217705683,3.9500559174563046,0.15724323415444685
2000-01-09,-1.2631899738087424,-4.55640954557293,2.901135470060707,0.5635843439249315
2000-01-10,0.18066282908001807,-5.258610260527006,3.3669294211903003,0.31678315552702596
2000-01-11,0.7618848462794005,-3.4828995705722274,2.3922930251869428,1.2030510704148503
2000-01-12,0.5931454929943115,-3.8096238684503247,1.7858330839333,2.7307694326610314
2000-01-13,-0.4794961474036984,-3.19750374992251,1.7474381264808023,3.157578193938807
2000-01-14,0.18717412864783867,-2.9706751166575747,1.1107350721345415,2.393291088003092
2000-01-15,-0.230294940937685,-4.502150488441112,0.2441612568801922,2.73559145616863
2000-01-16,1.260015598919039,-2.691961001926491,0.15971214300483338,3.771857549088791
2000-01-17,1.3247173581163294,-3.1222814223523763,0.3246256900241312,2.2482756599746256
2000-01-18,3.0492798015791056,-3.205796382716375,1.4686808129788336,1.283922449027818
2000-01-19,2.215373600640072,-2.483500115338879,0.4071814600019872,0.721029759766329
2000-01-20,2.5379703779922855,-1.5803250170896819,-0.17841033087017066,1.2517817528481991
2000-01-21,3.110110781625367,-1.1965823896565342,-0.8671940353811034,2.373986574906673
2000-01-22,2.0342638632315246,0.4812507836743256,-1.8402240253884234,2.172069945739849
2000-01-23,2.8269832446394685,-0.14134879927294108,-1.2487047734564851,1.4128551146357275
2000-01-24,1.8299981132068202,-1.2146416116266994,-1.6390673584686826,1.3661272664903887
2000-01-25,1.4916521019826903,-1.1019565970794782,-1.6980632131892464,-1.6453373874152735
2000-01-26,0.6967505316911974,-1.2019783567620022,-0.605799190306862,-2.1293297887058245
2000-01-27,2.8552884947645043,-1.3705615732152976,0.009216563441469816,-0.2852752865370356
2000-01-28,1.1425456667162353,-1.008298306706083,-0.6976593962999031,-0.15471758015982137
2000-01-29,1.7120504450024259,-0.42939778190690037,1.4712344088963067,0.5020840709983305
2000-01-30,1.383699878889197,-1.1842065680987712,0.08200219251615137,0.6369273844858973
2000-01-31,2.2215854634618575,-1.8603682770369296,0.46794504808264115,0.8179324538704391
2000-02-01,2.7542735974277925,-1.936261726570089,-0.43144695146086165,2.875599770595164
2000-02-02,3.5788976181781877,-3.224682935589718,-0.8367764986725794,2.1095578139996194
2000-02-03,3.021968127556436,-2.127807138011975,-1.1484342060472679,3.1241738158736347
2000-02-04,2.3618804548065406,-1.48776988995441,-1.9403233714341432,0.7975647257481824
2000-02-05,3.585467526165969,-0.4759338900904555,-0.3946852503160041,1.848851705327625
2000-02-06,5.089951393882242,-2.503791042753679,-0.7300725571018086,1.602697257125489
2000-02-07,2.435093679129077,-1.4423620956189445,-0.6003503553124399,2.7841563517149144
2000-02-08,1.6786530016075503,-3.192106918230211,-0.23289619227062203,4.2830459457662915
2000-02-09,2.045861638969652,-4.778586361704234,0.6991599165706905,3.114638868142503
2000-02-10,0.9617858212840069,-4.776772584034312,-0.7189627143072166,2.4729023741203218
2000-02-11,-0.4092674799487863,-3.8348198377745435,0.3851202416631838,3.2373970714986684
2000-02-12,-0.5588202466934542,-4.08944813287107,0.4060661966090493,2.038484618550063
2000-02-13,-0.9683429800440745,-3.3273479873165113,0.07714558969242608,3.771701693953956
2000-02-14,-0.43398971426914656,-4.0590723573173335,0.6329374879438343,4.920279159737329
2000-02-15,-1.353741324572258,-4.472580000672371,0.0778011127158359,5.862357345291059
2000-02-16,-0.5608797606664754,-3.729350095387149,-1.5127205240864798,6.32834804690827
2000-02-17,-0.4772033506941508,-5.5544860569369465,0.45818631372624097,5.827337928028542
2000-02-18,-0.0545139376392626,-4.320347500865898,0.20007454180781836,6.556375190401259
2000-02-19,-0.39835865408549986,-5.532725575513714,-1.194341341647427,5.758275424455803
2000-02-20,0.12817041739571677,-3.746120465422507,-1.1975328167542763,4.643380002148976
2000-02-21,-0.5030464888366206,-5.0503398095589365,-0.5012637563118774,5.916216152633482
2000-02-22,-1.9451240402487058,-5.3570855474229795,-0.7485286741983862,5.146726435376133
2000-02-23,0.17526360878728542,-6.19719747772897,-0.18279415073661698,5.273961727557057
2000-02-24,-2.7111311826583666,-5.7876962178822415,1.5276317038671978,6.642571138446334
2000-02-25,-4.244680721325728,-5.686435197967953,3.2330466169671412,4.556040105999591
2000-02-26,-4.129168388015879,-4.379589808147848,3.8296726431862576,3.4048222807477
2000-02-27,-4.052988458911926,-4.0003553032524595,4.850919894910267,3.371088973751875
2000-02-28,-3.5750734235933024,-4.8971397295316885,3.5277911462027642,2.985412481857295
2000-02-29,-4.374003787664373,-5.664170268483293,3.3303281002427108,2.990295879225995
2000-03-01,-3.1951735399603294,-5.80680997586908,4.250603987643461,2.2081099540473152
2000-03-02,-3.6890854616949174,-6.094058445738904,5.75807715364085,3.7639653996073874
2000-03-03,-4.404833921282492,-4.410708326428112,5.843367865580144,5.1002828989735285
2000-03-04,-6.1160714933039815,-4.913450056303224,7.665470754967258,5.475396736607502
2000-03-05,-5.080583023331627,-4.871599116552076,8.485020627200546,3.85542863508637
2000-03-06,-3.7449240479727885,-5.44716333049833,8.794927598265323,3.870780513239723
2000-03-07,-2.3195436269404555,-5.390062085900848,7.954721673263165,4.350921753885437
2000-03-08,-3.8835127126350777,-6.722639769668541,9.142830348864535,5.632473571440972
2000-03-09,-3.0998054322345046,-4.953720596105168,10.75954608019346,5.108527666601078
2000-03-10,-2.2398201732588476,-5.474170207788041,10.880569709461367,4.8196125740415425
2000-03-11,-3.1768230099543464,-4.723138596145804,12.602417607423574,4.192001435840847
2000-03-12,-4.93969615615503,-5.31519452384367,14.254400505054035,3.1437267994079283
2000-03-13,-6.019603507979854,-6.4576434132741865,12.7220932267803,2.951358444726531
2000-03-14,-6.910000962376808,-7.24320148706046,12.113401581927006,3.7234893017912425
2000-03-15,-7.985273199907586,-8.004390368681095,13.45445755056654,3.9189892770244463
2000-03-16,-9.451572252748246,-9.761679528982032,14.2342841716147,4.588558501234588
2000-03-17,-10.342512044018706,-8.541542550564015,15.827162724579633,2.274953584255052
2000-03-18,-11.45803111051518,-9.132609876236511,16.415854452146,1.9747018794080577
2000-03-19,-9.934719079307296,-9.086793973249822,15.060064238680479,1.8191230888665153
2000-03-20,-7.7480680556858506,-8.115588643668138,15.346535364314965,3.393017829292937
2000-03-21,-6.709067137454168,-6.775504788933084,15.070922795301746,1.7206095904165801
2000-03-22,-6.638902212841004,-7.002067830820077,16.509082908650267,1.9060812384766606
2000-03-23,-7.147630799455562,-5.836416094865949,16.13351926024322,2.213147245932741
2000-03-24,-8.15895348359599,-4.786303650616725,15.253745241395114,2.160754652692187
2000-03-25,-7.2926838349075105,-5.3964573150121184,16.175983572890722,4.217805659888368
2000-03-26,-8.117254470838963,-6.34503848522306,16.33722576587531,3.165747530632724
2000-03-27,-8.914779550791676,-6.444096297376413,16.493406350957223,2.3563265155386537
2000-03-28,-9.72674885510661,-7.056177669833589,16.82791701357338,3.010199145701179
2000-03-29,-9.005699816324173,-3.916961763464524,17.199904410290063,1.558779464617186
2000-03-30,-8.632644262396447,-6.437361194592758,18.208559101875476,1.4940324345335327
2000-03-31,-9.12711791503935,-5.403070238903557,18.697515740343277,2.1057347903559
2000-04-01,-7.554551103096886,-5.072146233819091,19.418915095330526,0.697340314060344
2000-04-02,-7.208847129958912,-5.167019856056134,18.792756949496233,0.337218435216218
2000-04-03,-7.9159256195333585,-6.393230574905988,19.399877069863315,1.63305378830011
2000-04-04,-8.750341202683703,-5.541376821682117,18.530890604673836,1.498085055572968
2000-04-05,-8.151962127784742,-4.374495413060792,18.69847907015488,1.4540653192149848
2000-04-06,-9.020899774923672,-5.410293586266726,18.940475366157656,0.9884431582746109
2000-04-07,-8.768246207632982,-6.531909124554856,19.907975467412527,0.2512914094018288
2000-04-08,-8.045048669854697,-5.460242043516514,21.307530182197247,1.0363783811370664
2000-04-09,-8.50561873394675,-7.883770990849397,21.23889231026521,0.922396986756234
2000-04-10,-7.888911859989983,-7.031682550040213,20.807276144603364,1.7242983446802453
2000-04-11,-9.918685518649305,-7.375344833792745,21.19442467525654,1.8663049752160832
2000-04-12,-11.642749830861007,-5.195486630811011,21.377989642075143,0.03735926087379027
2000-04-13,-10.913556868459555,-5.505742130130376,20.90058345728102,0.17314694740129324
2000-04-14,-9.671240543029644,-5.966336502758706,22.091931660194962,-0.06535942971295569
2000-04-15,-8.825126244749189,-5.4825170687817,20.422767821925213,-0.8034030273748222
2000-04-16,-10.428446940889508,-6.905932065015199,18.83363444242582,-0.37936743473372914
2000-04-17,-10.811027300920102,-6.189414692725203,18.524054375991298,-3.0124621089272283
2000-04-18,-10.23252391439352,-5.559502138952304,19.298314352258018,-2.7093242942817852
2000-04-19,-10.242883482695957,-6.210159848427401,20.250049469823942,-3.5330620603542524
2000-04-20,-11.510194255890847,-5.333701056734606,20.482062852417755,-3.1161551286547535
2000-04-21,-11.214732610602537,-5.432799740597934,20.725656223761025,-3.9109117209081554
2000-04-22,-12.734605625685107,-3.7162505774213774,21.97202402598242,-4.867062870219602
2000-04-23,-14.060823610872292,-3.8156300591567396,21.736878042404793,-6.3523022956277835
2000-04-24,-13.88490518069912,-2.7801508924726717,23.077064452907205,-6.713006999502502
2000-04-25,-13.234140543590108,-4.70574187052588,23.53436737516014,-6.829415982937784
2000-04-26,-12.736563658861323,-4.156421256382542,22.88336365414638,-6.49060629913314
2000-04-27,-13.126850385764762,-2.411383967788757,23.8092368436842,-6.360280679390823
2000-04-28,-13.9640191228568,-1.8201829354316539,24.09925387907669,-5.958883174454243
2000-04-29,-13.647664454210222,-0.6262180322285325,26.34095802969319,-5.369543708421525
2000-04-30,-12.918012276388783,-2.8757638993818277,25.422549356744312,-4.611165888257147
2000-05-01,-11.95121001264632,-3.0658852929583045,24.62047499655449,-3.3851287890891486
2000-05-02,-12.210790193015265,-2.978218711712126,25.692519219763156,-4.858445760391116
2000-05-03,-12.428920897962396,-4.770754842480855,25.216338465275793,-3.600710053044443
2000-05-04,-12.79425276171545,-4.641117529978143,25.49588886885249,-3.6762275781953764
2000-05-05,-12.728837407063189,-5.341480687949947,27.585532376766718,-3.690220245118099
2000-05-06,-11.959553822082338,-3.4258491344094386,28.399901218271914,-4.3506200638545875
2000-05-07,-12.503042024834278,-4.207022488029188,28.702750117546618,-4.550198899657542
2000-05-08,-12.810464208497217,-3.559312854081902,29.48567053804994,-3.0852111687758796
2000-05-09,-13.075109893299683,-2.647619249674654,28.248916496225558,-0.7677942908795021
2000-05-10,-12.596993071391365,-2.258706289548169,28.3548720872266,-0.6523200907096898
2000-05-11,-12.939757265597219,-2.5007356152396385,27.56612936785485,-2.617469343133845
2000-05-12,-12.962898225521755,-1.5476897532288139,27.897781868323854,-2.881897325491041
2000-05-13,-11.511552347092676,-2.040550078530368,27.970504385647956,-1.51698849643368
2000-05-14,-12.008073997679901,-0.7343699585112429,26.512715045232785,-1.3713508429138412
2000-05-15,-11.143668119462307,-1.6094346993896511,27.74301077161372,-1.2318993814382369
2000-05-16,-10.964747547638646,-1.7691845067830292,27.53148141360725,-0.34775929369408354
2000-05-17,-11.51162491301956,-1.7404958785079303,26.564304413565644,-1.6949076072095521
2000-05-18,-12.440132915017239,-0.7064118657978888,25.27185858831921,-1.0958539900464335
2000-05-19,-13.139218800682853,0.314071173119858,24.812525718212488,0.07553530007108344
2000-05-20,-12.719801354330077,1.1025995442541001,23.54793380708372,-0.30478765606666275
2000-05-21,-14.332162083164638,0.6082340961371087,24.563558595224748,0.4636682864048734
2000-05-22,-15.476593679262116,0.39118576930988197,24.80412483821931,1.2187393256626557
2000-05-23,-15.463119292235836,0.3171014178621252,23.12448289165515,1.3532116381340198
2000-05-24,-15.71573425476018,0.8279476784037079,22.238601804420924,1.3601852257303622
2000-05-25,-15.34763711517057,1.6118258790535045,22.62965062686715,1.524279581164445
2000-05-26,-13.755439698065247,1.294189740990213,22.745324009431076,0.3789647413729087
2000-05-27,-12.49463720997223,1.49760849642497,22.17146632102601,-0.9288403786564208
2000-05-28,-11.574490892700343,0.6236432589386414,23.858869740511206,-2.1678657753682797
2000-05-29,-13.806030368896439,-0.21368507700101702,23.672235953329633,-2.986264184949058
2000-05-30,-14.144282352740534,-0.945455415972035,24.839245514232168,-3.8292917664423394
2000-05-31,-13.81610952279851,-1.1738509718096135,24.994738845730392,-3.486862412803839
2000-06-01,-13.61092850699363,-1.29263960206609,25.87712123490866,-2.584579093629489
2000-06-02,-14.222205245198417,-2.910058979800731,25.77883118669487,-2.775773735898018
2000-06-03,-15.050978673270807,-2.947144345028204,23.710999115406118,-3.1458726656949256
2000-06-04,-16.272295874129643,-4.128429260879492,22.080108969139218,-2.5653798513551322
2000-06-05,-16.080897384148038,-3.3465757836856542,22.390743548058097,-2.6521431320234585
2000-06-06,-15.531960254580214,-3.5631966704872533,23.207702053195355,-4.470133766544144
2000-06-07,-13.667907496469372,-4.240094322411391,23.291033943478293,-5.456159421074741
2000-06-08,-13.378685958817483,-4.857092626354815,22.4435461686108,-5.842612420071562
2000-06-09,-12.40182375568058,-2.8668460178714184,21.692660414979606,-7.941841920144714
2000-06-10,-12.956375801873316,-0.974893683796199,21.893036713716455,-8.837501481208779
2000-06-11,-13.489507433588793,-0.3303043321355078,20.473724769548426,-11.410085146768214
2000-06-12,-13.808187013782854,-0.7960046869161588,20.50259047307503,-9.214457312534407
2000-06-13,-12.791030047301604,-3.561582681156678,19.0304243219008,-9.049987032892814
2000-06-14,-11.529066545281372,-3.835515873277256,21.02922431309369,-11.184078209024731
2000-06-15,-12.638625886159476,-3.394666808267231,19.92779933843118,-11.951215619667217
2000-06-16,-12.03549941523741,-4.770912482200326,19.802243695618486,-10.852563082902714
2000-06-17,-11.705404646672223,-5.211568085423225,17.721454589446193,-10.77539624268518
2000-06-18,-10.570535962530673,-2.7644014049791252,18.360771021717067,-10.633687698699012
2000-06-19,-13.035422784704252,-0.6369466859953063,18.317025796400294,-9.407457912608024
2000-06-20,-14.209600116600544,-0.4275744764155718,18.487238890839656,-8.56503230785701
2000-06-21,-15.518506384258577,-0.4602997412382134,19.38394304325805,-6.965140706294864
2000-06-22,-15.672146332908211,-0.2820867174495243,19.199307961536196,-7.297760432269014
2000-06-23,-16.24491145607088,-1.9767655342793398,19.819200694497592,-7.6691145122247635
2000-06-24,-17.132077631625265,-1.9719181566328798,20.169721514840276,-7.5232898247866276
2000-06-25,-17.546946611367936,-1.744036171273875,21.29654665625466,-6.616840153319257
2000-06-26,-17.968226820583794,-1.6073414393240173,20.851214106244964,-7.382720719394759
2000-06-27,-18.02959531262365,-1.670627302790491,21.169560035056023,-7.673593507050098
2000-06-28,-17.910983919991605,-2.383514699601324,23.480272821940037,-8.39362260578114
2000-06-29,-18.433842075894795,-2.849584569523789,22.98902939133564,-7.110555379797898
2000-06-30,-18.852029349727594,-2.2799664430334254,25.277215702677402,-8.258043167023192
2000-07-01,-18.937654099473228,-3.077654460091352,24.82875533958211,-6.73073550414639
2000-07-02,-18.390467072556632,-4.04950796619399,26.236371450767816,-6.759972480063505
2000-07-03,-18.294886616983565,-4.644704501774044,25.77916927972387,-6.1266494296457505
2000-07-04,-19.033745198726088,-3.7371424826689417,25.96355137543925,-4.939255470059823
2000-07-05,-19.74736522665514,-4.151892127552676,25.288777019682357,-4.185717208173679
2000-07-06,-19.551308774072933,-2.3483087538433676,24.480269388076177,-5.312175744097898
2000-07-07,-18.76370334791577,-3.031203772576386,25.336933634283625,-5.148497306515383
2000-07-08,-18.26309305394538,-2.734711160093671,24.55152704591758,-5.892040201080825
2000-07-09,-17.55619639959587,-3.0496408418399112,25.738614503686694,-5.11748362365282
2000-07-10,-18.35752381522202,0.3986390123928727,23.53750526142612,-6.113195281052927
2000-07-11,-18.264761852907707,-0.7508354863093274,21.22918574064486,-8.535291492922077
2000-07-12,-19.504270246152803,-0.8759777872252482,23.629991007864533,-8.384552222330223
2000-07-13,-17.66347844843058,-1.0838216483322385,23.731384061225338,-8.451804116306999
2000-07-14,-15.49202425431574,-2.5355346280542763,23.682269353840283,-8.342852341823596
2000-07-15,-16.76613879303457,-2.25676439193131,21.96545820390044,-9.328444161638485
2000-07-16,-16.917601206774425,-1.4747878495298834,20.455752423289162,-8.603814947095405
2000-07-17,-16.42731858571551,-1.373404608742639,20.41369117515862,-6.567132978854942
2000-07-18,-16.151487387726608,-1.432238216578029,21.641437194649214,-5.4380590293873325
2000-07-19,-15.117422263596845,-1.8228860672888363,21.605421425783454,-4.793381645008612
2000-07-20,-14.8852675015033,-0.5704716700228425,21.648704556068896,-3.9552765009477695
2000-07-21,-14.58811337147352,-1.7372320157626706,21.059267519070385,-2.6564638734322146
2000-07-22,-14.168584095320716,-0.9600900694854202,19.892702508350947,-3.3767350079886
2000-07-23,-14.152076577748325,-0.06633334273921898,22.02780229227134,-3.662665595163596
2000-07-24,-15.025747756054644,-0.8572626203898244,21.255914049052873,-4.285886929652578
2000-07-25,-15.702637928427334,-0.8461645941222503,22.72719715176065,-4.134846951434147
2000-07-26,-17.064111469977895,0.22874501600206154,22.98667267199512,-4.088800551662571
2000-07-27,-16.79208014428088,0.44613940745080105,21.94518009762043,-3.9960393467480757
2000-07-28,-16.925047221594586,-0.5702418379125066,21.815705539279325,-4.278605071294478
2000-07-29,-17.903603550350788,-2.105089729083135,21.1862003761285,-5.003648839224189
2000-07-30,-18.397905905865628,-3.657090662799675,22.040955733602793,-2.93888765380557
2000-07-31,-18.60502674412241,-2.12063428878566,21.58472491899688,-3.4169479086844383
2000-08-01,-18.059457162959635,-1.567530669896287,20.744802817354106,-3.9779002178939895
2000-08-02,-18.059486466563865,-0.460410271767264,19.826208183993298,-3.5016189045955
2000-08-03,-19.703493954730956,-0.4959311691626387,19.192265459919216,-3.830388455832899
2000-08-04,-18.765224862853383,-2.585785605799438,19.54591892581249,-2.542173114058828
2000-08-05,-18.11382402417306,-1.535712923120324,20.18031353410783,-0.7733063818178427
2000-08-06,-16.89356721772103,-0.778125579343285,18.31009962815862,-0.020233738866826
2000-08-07,-17.013629609049914,-0.7433859427388096,17.924370597977624,0.09847792383390806
2000-08-08,-16.99812642884766,-1.4406884717765482,18.334001822567746,1.5343042480891176
2000-08-09,-18.613835661756266,-2.5085405304425086,18.022703601630937,2.9576101801081203
2000-08-10,-19.403489743688837,-2.0585825200005385,16.494789154566895,2.9569984536593505
2000-08-11,-18.69796183081984,-2.5048260184672997,16.398137115374624,2.3992088744030946
2000-08-12,-17.724314994439464,-3.341352638576335,16.964193223636965,3.5160932194648966
2000-08-13,-17.601209359993103,-3.4950447380068037,16.537629685612202,4.5151326459433445
2000-08-14,-20.261165323989125,-4.046864542805263,18.190245610063236,3.939402139822419
2000-08-15,-22.317416857095,-3.448212323058772,18.541213307469224,3.58562785509576
2000-08-16,-21.296175282505118,-2.803308049966875,17.487477129848724,4.839275063147389
2000-08-17,-21.26980961606714,-1.679920607938886,18.22372220625905,5.311137958994019
2000-08-18,-20.457361134227646,1.109043882090146,18.805953667033126,4.2592402142754855
2000-08-19,-21.05701582840266,0.5383970972836916,18.012396302160795,4.117913297222565
2000-08-20,-19.423376374751044,2.592462489487287,18.893030393722174,4.006568456847812
2000-08-21,-18.552534231827412,2.1613747864479147,19.133534018487932,4.104318630707448
2000-08-22,-19.411205748888126,1.1848270067977613,18.44364557838693,4.4899126895922805
2000-08-23,-19.271548893501194,-0.45075003384697543,19.347619395153163,3.6011651567057315
2000-08-24,-20.210836641610964,-1.217935077548979,20.298420959703325,2.788170438761475
2000-08-25,-19.16250694397898,-1.5320843785578957,22.25746719507145,3.449282585076654
2000-08-26,-19.12219080505246,-0.8029653006327562,22.825005523008592,1.471736601582663
2000-08-27,-19.317487360015086,-1.508390302267796,23.490523107763032,3.322155003881816
2000-08-28,-17.72702445558651,-2.0061457363962503,22.642009789350066,1.525757144079872
2000-08-29,-16.482449813702086,-1.0485983544634714,22.424264677947004,1.193831346228195
2000-08-30,-16.219590440875677,0.5119417521545506,20.780647948908452,2.20497071918917
2000-08-31,-16.446479079979802,0.4104444184965965,18.913686896191365,-0.30684954222615746
2000-09-01,-16.65049200802075,1.4942216723958628,18.209779588746883,-0.43094240576492143
2000-09-02,-15.398059157381436,2.8726888039601204,16.088822132347214,0.7133371299182585
2000-09-03,-13.81210605863899,3.5700902898785327,16.038165475077207,1.6599288099508511
2000-09-04,-14.087242846621278,2.062497734809542,14.218266097857343,0.6378198448685148
2000-09-05,-14.23588826008752,3.2392207779129505,12.786906995388764,0.4894978998288376
2000-09-06,-13.828746614402792,4.404471890916812,12.365801717840284,-0.057536836815952785
2000-09-07,-14.02832719075482,5.058144591651492,12.447895348356479,0.406546393864168
2000-09-08,-14.345855472032477,3.954923672600123,13.131903985061223,1.3512072087965485
2000-09-09,-15.011326665671767,2.414239242473441,13.450961783136105,1.8372096561578461
2000-09-10,-14.929702727621969,3.118790242299199,14.201353050462972,-0.7307811855430966
2000-09-11,-14.649551670006286,0.059978649619854885,13.552182172032769,-2.5921114422458373
2000-09-12,-14.210952137203318,0.8441164627502199,13.539154238832232,-2.7561679386460973
2000-09-13,-15.93926242157175,-0.1412809409251301,16.111835717223926,-3.986585762392388
2000-09-14,-17.84789158661217,-0.18211903908299243,17.733285880538073,-3.0926757144037125
2000-09-15,-17.845437063723367,-0.14164820058825525,18.32205935474993,-3.382746932572136
2000-09-16,-18.38317102793307,2.4596794601264396,16.874009234872158,-2.463958321450895
2000-09-17,-16.836727720222893,1.3502410125615611,16.716726407410015,-4.565419360216539
2000-09-18,-16.083968443354262,1.6634096629836046,17.30337137360566,-4.642272937036679
2000-09-19,-14.670752114954738,2.481058884396263,17.179068326603975,-3.2717872863124535
2000-09-20,-15.108711650170733,2.7257147567969944,19.43583629860884,-4.499051690532059
2000-09-21,-14.640121449617656,3.3420559926956552,18.853826334306227,-4.173754044166053
2000-09-22,-14.82656342279772,3.6262174142317125,18.57298059994218,-3.9138296910418284
2000-09-23,-14.805383838385563,3.477927064413392,18.451893425265183,-4.221075109890119
2000-09-24,-14.201399418141447,4.594849405433303,17.034197585444335,-4.626818666010787
2000-09-25,-13.768599241679352,7.420831483775565,15.53931852648791,-3.6562431258309003
2000-09-26,-13.229008891717157,7.222191049135958,14.925391393232541,-4.136789021547348
2000-09-27,-13.544495134563874,6.8424309740121165,15.803634658467958,-4.141007927676001
2000-09-28,-12.255736206228061,8.305826054204898,19.167537465382054,-4.375433556372333
2000-09-29,-12.007483027240474,7.502213848858524,17.445804838529018,-5.101230611775345
2000-09-30,-12.542046472885227,7.7147281040108195,17.532916028792986,-5.203304692080853
2000-10-01,-14.163318343595725,7.728273483074858,16.76941819059428,-5.293545042894581
2000-10-02,-14.132452039025832,6.686261546755865,18.561626342525773,-5.231855951886631
2000-10-03,-14.859262406864325,5.512453270125404,17.528696551726103,-2.6658609861085214
2000-10-04,-15.074649573195973,4.313578023716748,18.79474804241285,-2.3675833692449975
2000-10-05,-15.930820386114847,3.9559442630305934,18.387885734503445,-3.5865706894827563
2000-10-06,-16.282946661612854,3.5979746007047804,17.843974989809144,-3.37010987400094
2000-10-07,-17.23467870811713,2.1029885426361754,16.35052522751934,-3.900183701151912
2000-10-08,-16.828090722781425,2.9987403016456566,17.805457340751573,-4.329211885816529
2000-10-09,-18.277170543274835,1.2966494962683541,18.463738654060627,-4.057354021160725
2000-10-10,-19.059128151810167,0.9206274707552573,18.78985271948218,-4.1835918032224955
2000-10-11,-19.327896057742198,0.5653717966673313,18.284967691408617,-3.4340977731540474
2000-10-12,-17.808974081851666,1.0715664489143832,19.386183223637804,-3.3855173781789385
2000-10-13,-18.51065820554287,-1.9353896902013887,19.45807785340741,-2.1895791237515803
2000-10-14,-16.85117164501858,-1.57801540356693,17.802336775565355,-1.4654492572866467
2000-10-15,-16.512163458277545,-1.295462079263882,16.575074250457956,-0.13596932968239384
2000-10-16,-15.800438065071516,-2.866135956047758,15.958316933858933,0.374049113129849
2000-10-17,-17.293977382954253,-2.0653352623699024,16.248709864208017,-0.9870493335963156
2000-10-18,-16.514430140117046,-2.9240045284916083,14.737125715273699,0.11168926293051074
2000-10-19,-16.57313310907962,-3.302143098800419,14.279133026187658,0.9298905180328368
2000-10-20,-16.976969414804685,-3.3701436969454956,13.926540449990743,0.27571629430949096
2000-10-21,-18.287355085072797,-2.2590262362169318,13.62500209028726,0.9421100566301082
2000-10-22,-19.55479624016981,-2.2979761400994945,13.54921383512655,2.868105527602335
2000-10-23,-19.53061773244437,-1.5357845731943676,12.260637715875543,2.4743040344824667
2000-10-24,-19.282561374481467,-1.0491629652666297,13.078115419666009,3.2853830709495373
2000-10-25,-19.19550739873808,-2.7745045471758525,13.471849673163044,2.3276416850475994
2000-10-26,-21.22107885142944,-1.659564947369172,13.700746857047529,0.42438464333594994
2000-10-27,-22.6093347253955,-3.6759937323138616,15.010269901604055,1.131035320199379
2000-10-28,-23.344528858703463,-4.350553859614414,14.546127449142654,-0.43940524402243253
2000-10-29,-24.587416869136998,-2.569553229382631,12.889017779554212,0.16209760000989382
2000-10-30,-23.410660894079967,-2.479023397802575,13.116967972338795,1.5128915121494595
2000-10-31,-23.575550053753357,-2.448157854450189,14.1787194934817,2.2662912676746956
2000-11-01,-22.14893690012993,-2.2968058300708565,14.150251658888832,2.6537899563537213
2000-11-02,-22.21816535148586,-2.2829495119308763,12.769535333212557,2.3443756701702365
2000-11-03,-22.298769994686904,-1.0530476567033675,13.79723249342651,1.2663486922939255
2000-11-04,-21.448841875247634,-0.771800874778779,13.196554904485634,0.3071294948097938
2000-11-05,-19.520707663981586,-0.6815820203432028,14.240588958052278,0.5405897571002566
2000-11-06,-20.071305090590002,-2.0265299389403904,14.212491714343672,2.3963978647096664
2000-11-07,-19.118128198069012,-2.5052315972858605,14.69055656144362,3.9098891578774166
2000-11-08,-20.61070604210721,-3.338591539268053,15.239995015940512,3.042780551196909
2000-11-09,-21.600038658381067,-4.070439769637181,14.582065073451204,1.3899226303910104
2000-11-10,-19.588188741077442,-3.0276508393198105,13.351660365882797,2.558008939047462
2000-11-11,-18.279321786340397,-3.2274110683941135,12.834255374349969,0.9776812188989639
2000-11-12,-18.27538262409986,-3.067085153174833,14.218946443211976,1.7630195895838439
2000-11-13,-18.671469680922545,-3.282394551309196,14.850869096387523,2.0425821029262727
2000-11-14,-17.880227654746754,-3.080587071997111,14.496331071582325,0.8737432133341354
2000-11-15,-18.192243122181115,-1.975350028816429,11.393012253843265,1.9344041911442296
2000-11-16,-18.162682087887813,-1.8180118640620524,9.615083178878482,3.3319929583985752
2000-11-17,-18.809241998990153,-2.143461180781161,9.606049212315519,3.131010392971637
2000-11-18,-19.525532041554463,-2.0110405228841164,8.934735325059936,3.2663983089509157
2000-11-19,-17.54681433152523,-1.3457583817649241,8.44410242648218,2.7514233312009813
2000-11-20,-17.90101890848337,-1.199747342209885,7.817963931946858,3.8738162620742838
2000-11-21,-19.185755487976078,-1.50920930330137,7.655410802820757,3.5098182114981333
2000-11-22,-18.86969818830064,-2.088069914609897,7.589976361237115,3.701856762766791
2000-11-23,-19.113356646747242,-3.1444265731716436,7.485531683012248,3.9749945661547468
2000-11-24,-17.887186463274713,-3.2382647425120146,5.1343476003883755,4.958068322315558
2000-11-25,-19.69962785202434,-3.314423219869821,5.041314654855654,5.102747233174177
2000-11-26,-19.678019647614732,-3.3986140293095892,5.209278020351445,5.213733923560633
2000-11-27,-20.403005174288722,-1.9319814290547677,5.759802355816116,6.04695774714389
2000-11-28,-20.932648369546545,-2.979064825385653,6.758397971330958,5.720021906666601
2000-11-29,-19.73320998710876,-2.3938031166189617,5.829590208070742,4.960048094650568
2000-11-30,-20.080047844407602,-1.4866899863684528,6.585703427466561,4.5753086691615605
2000-12-01,-18.526913238973027,-2.876477739780169,5.801386021870869,6.199153116524101
2000-12-02,-18.615008051190372,-1.345068332165391,4.7738899932376295,8.946429838709648
2000-12-03,-18.450012032660794,0.23741041075513136,4.493170619654281,9.106958801101383
2000-12-04,-18.010466182155277,0.34490117544177434,5.065765436755378,9.874468343278457
2000-12-05,-19.69985655867466,-0.6086963935741515,4.545437212445211,10.352792574515021
2000-12-06,-18.989729930406607,-0.2577795940731946,5.623259293640756,10.518294507138437
2000-12-07,-18.264383272358064,1.3866880432878568,6.712445665299963,10.812978697737412
2000-12-08,-19.770488602831044,1.8071745743603855,6.334619561047623,9.866232467089388
2000-12-09,-18.406764880494553,1.3490735260043252,5.750748344568732,9.793191954850858
2000-12-10,-19.307878444927375,0.9703043594266225,6.025838021196735,9.610995113731782
2000-12-11,-19.56815728524918,-0.39811769318044865,6.376166359482298,9.531662235240137
2000-12-12,-19.78745730152127,0.7427067615648573,7.227781829403753,7.838893946506374
2000-12-13,-20.56222460803865,-0.4001525745212,7.48611781565361,6.673153315487723
2000-12-14,-22.30478919859728,-0.39125727782410746,6.295420493520112,8.538323329257777
2000-12-15,-21.921553702380535,-0.5974549307639412,5.063950488646748,7.7143129267633945
2000-12-16,-22.364884329653567,-1.6005051307156966,5.83112637995082,7.219324341562089
2000-12-17,-22.30319330523357,-1.0986622377044717,5.924067754990481,7.74564315867254
2000-12-18,-23.285172391812736,-2.878255836876102,7.035813388339019,8.305142378941266
2000-12-19,-23.257464490791634,-1.611933080421589,9.254657688152829,8.758014900802168
2000-12-20,-22.474737070418335,-1.6145528638918847,10.2759802675383,8.616277800486197
2000-12-21,-22.521797442241958,-3.2791833950727773,9.273284808060597,7.741754538717281
2000-12-22,-23.446037277975257,-3.9421234841834982,10.05769701753182,8.539988697375632
2000-12-23,-22.05568991980621,-5.640393306890642,11.221356078342199,5.0638066059789235
2000-12-24,-22.645985053835698,-5.9132282891668,12.798490464968099,5.998026308872474
2000-12-25,-21.617624962195784,-6.6608131853776635,13.8893254068428,5.918285222547655
2000-12-26,-23.201796223568042,-7.123891912263258,13.923001328787207,5.514712060303374
2000-12-27,-24.081017273643734,-8.104252011821092,14.273768098774969,4.550371296206837
2000-12-28,-24.316810134122548,-8.533870259055778,15.821141692692844,4.599201455605939
2000-12-29,-24.972248122605237,-8.512593438281556,16.02022235202764,4.8928470336475485
2000-12-30,-25.17756847801943,-10.145029440601023,14.693949796078213,6.067640319228934
2000-12-31,-24.677806476834352,-9.535453022214245,16.109275726948677,6.010285152533008
2001-01-01,-24.467273809733737,-9.34118038384212,17.723563454428323,6.621277550759688
2001-01-02,-24.63954422274654,-9.220368041622079,17.39154896602319,8.144462740652816
2001-01-03,-25.06584849511328,-9.917695571033276,16.41421932382784,8.04405212106321
2001-01-04,-24.374288716875096,-9.406193287042111,16.67556702081372,8.375349015515077
2001-01-05,-23.35605899971893,-10.200194887416568,17.117473781147122,7.6328608229272294
2001-01-06,-22.22986940872357,-8.720019317092929,18.8218875821718,8.273370366933767
2001-01-07,-22.55040214847416,-9.587702050760715,19.369373154326457,7.3102362350690075
2001-01-08,-23.191658497405086,-9.339960796793166,17.499653323828994,7.255317734872471
2001-01-09,-23.37801124666954,-8.514218078758633,17.776144130342285,9.024069310673697
2001-01-10,-23.254057147335672,-9.48254535805321,17.799830781301875,7.293555376663801
2001-01-11,-23.478508867607125,-9.722573806546443,17.923739232134366,5.455966214563169
2001-01-12,-25.448836757325815,-9.824544465491668,18.533425293979562,5.611084983210094
2001-01-13,-26.079027953634444,-9.64324183659475,17.29574158158343,7.370051894098573
2001-01-14,-27.01756322832513,-8.657446985808852,18.1409724624742,5.7267466354096515
2001-01-15,-25.216051590908158,-7.504604517332715,19.15501443432485,5.3413453651355445
2001-01-16,-22.794291153592916,-7.558018010773887,19.783903933531498,6.0180899003896196
2001-01-17,-23.210378781836308,-7.528302557927685,19.93624152680989,4.290110805804731
2001-01-18,-22.202973718320745,-8.191538036856622,19.481658664851018,5.148363160747077
2001-01-19,-24.13763985275973,-8.821046236880079,21.20588449034323,4.708422867199342
2001-01-20,-24.40957260089891,-8.539779877284305,21.39906005778234,4.528374214774989
2001-01-21,-24.283042001656494,-6.961867236400128,22.579728853445946,4.133317267192248
2001-01-22,-25.31455952665612,-7.224060411441541,20.68403184401879,4.838659339043759
2001-01-23,-24.43642173393743,-8.050001206295377,21.479561861437904,6.849616834765837
2001-01-24,-23.628417346348197,-8.331378054139632,21.66667857454388,8.086245633645422
2001-01-25,-23.889859861052155,-8.519649456023666,23.10990206063431,8.801018848347764
2001-01-26,-23.645319536378384,-9.118459641269864,24.181121216043834,8.523837975845968
2001-01-27,-22.25398112187486,-8.35729252204061,22.98442904975088,6.95826768289787
2001-01-28,-25.187447409434615,-8.279884403191348,22.43531384548059,7.726666873093025
2001-01-29,-25.756661480642943,-8.037832975714995,21.282901675643497,9.779358769546336
2001-01-30,-28.074817267632206,-8.825044687376003,22.469519390519952,10.180951643342022
2001-01-31,-28.85759228274251,-8.000067030864278,23.209831389297538,9.922170237724904
2001-02-01,-28.507800942230876,-10.501489788086477,23.455912454582883,8.6697850427385
2001-02-02,-27.951187591541316,-11.452049520943993,23.21375262944193,8.18487662673902
2001-02-03,-27.754235629945104,-11.474556584304345,23.523513576983742,8.978386947650163
2001-02-04,-27.518982765605916,-12.046007249614107,23.66551469208753,8.442076922821263
2001-02-05,-27.06510571307748,-11.952224516316717,24.879733392180135,8.215122943631822
2001-02-06,-28.11462899050179,-11.871283107127296,24.88129476921033,7.70239345433466
2001-02-07,-29.10155570571875,-10.427179978294177,26.000909791954594,8.250417513557029
2001-02-08,-30.686438588785304,-10.156574545638101,25.550022020046768,7.018693968399356
2001-02-09,-30.53493338232874,-10.36639365165815,25.619319020199335,7.532252865287725
2001-02-10,-31.507853955503066,-10.426343687991272,26.729260100630363,7.33673490076089
2001-02-11,-32.39375728557206,-10.231253355663965,26.782000285076723,6.837095379273187
2001-02-12,-31.616414891199604,-8.81088792352166,27.50010371702059,7.579121230588365
2001-02-13,-31.966043720705702,-8.36561778882188,26.906409609909982,8.950854917644506
2001-02-14,-32.88707793933502,-7.446294607555425,28.148980717552867,9.530100916149074
2001-02-15,-32.698091880036806,-8.557727972863661,27.177095888309864,9.261836765306905
2001-02-16,-32.49733770733682,-8.017264926617347,27.218254801703186,10.033825662408475
2001-02-17,-32.977879695912534,-7.390870485665676,26.97182456103228,9.121970371642234
2001-02-18,-32.902449034442675,-8.531026777325994,26.124688880242473,6.756629861722379
2001-02-19,-32.00248202535217,-7.328651854004552,26.150968467631134,7.053426053389073
2001-02-20,-31.520714192784254,-8.02725490058858,26.866067005053043,8.396092239940831
2001-02-21,-31.18276062988515,-8.992210162961458,26.287374201137066,7.752297234921098
2001-02-22,-31.452584590671314,-7.681570908402047,27.26993370833388,9.86545858261711
2001-02-23,-32.00762447162064,-8.906988516259833,25.104111786154135,9.093530381211343
2001-02-24,-31.886781103800747,-9.63046879921017,24.506421467015368,10.10613734346604
2001-02-25,-31.2872944740574,-11.138519276400489,23.610933897229906,8.45895106419096
2001-02-26,-30.55831783812761,-10.538418432302224,24.88732467010204,7.707456529030894
2001-02-27,-31.19718602906874,-10.340558922816673,23.923206323291797,7.990622263596023
2001-02-28,-34.13282788281791,-10.360575206695042,24.051245248296976,8.888354316565756
2001-03-01,-33.293473460398694,-9.175865160983708,23.121672331222,9.753277104846568
2001-03-02,-33.636150177134866,-10.21602531072596,23.21075199034576,8.786712104314534
2001-03-03,-33.86798537561322,-11.368856510153352,23.822024176273334,9.225010072370065
2001-03-04,-34.053560274884816,-11.773993155434084,23.999953593215846,8.937033542732687
2001-03-05,-33.430365897971505,-9.72341620749693,24.363978917417217,6.525241439595928
2001-03-06,-34.94937393897622,-7.952960454370567,22.56641976754723,5.060061202964123
2001-03-07,-37.676067033605634,-8.99438732713588,22.62325831466899,6.374534460818147
2001-03-08,-37.02741240325245,-8.26745573471455,22.488457882650863,5.120030100789309
2001-03-09,-38.067640752071185,-9.981223349721514,21.22708097896083,5.958843549563937
2001-03-10,-39.26084708957373,-11.605021799947044,21.447183223356102,5.125427482221335
2001-03-11,-39.52212790583977,-10.522814815881551,21.623604011293022,3.4829377052637414
2001-03-12,-39.77192601979954,-9.72431127059895,22.603314984880246,3.161180882932848
2001-03-13,-41.80428092885846,-10.827625641880841,23.613562352694423,3.328874136972906
2001-03-14,-42.31577951440119,-9.54733093628821,25.347657567744566,2.3237351776978867
2001-03-15,-43.73788005999802,-11.658521482793622,27.23398053878034,1.815966832734265
2001-03-16,-42.77933990862319,-12.292494172334063,25.756205700239093,1.849352081756271
2001-03-17,-42.407885505939824,-11.842722451143711,25.74333035451787,0.2153089186030186
2001-03-18,-41.60227108822511,-10.876985101870673,26.721861617173253,0.048020789060174485
2001-03-19,-41.892722939741105,-9.880599989010113,27.37388422023954,-0.05437336534139085
2001-03-20,-43.993267235005526,-7.887261281874713,27.107781556985902,-0.8635482747319975
2001-03-21,-46.28431432174979,-6.651669702388892,25.905254616259274,-2.231615660602826
2001-03-22,-46.20572062778091,-7.884308844655395,25.12762650414856,-2.4917432528995325
2001-03-23,-46.64021586470127,-6.221662713435483,25.60673686097164,-3.324100024085043
2001-03-24,-45.469508190205865,-6.107589930427023,25.589727812991267,-3.474135264285173
2001-03-25,-45.24483786281209,-6.076259254386865,24.62159871796357,-3.75061432840155
2001-03-26,-44.80177527728238,-4.903134810521877,22.81038804372514,-4.237601407233048
2001-03-27,-46.1956603145998,-6.267627523967876,22.421171243034724,-4.717291960579751
2001-03-28,-48.05459323051966,-7.299387028831823,23.729072320528644,-4.449932953681431
2001-03-29,-46.74607720722266,-7.728759792460866,23.696438195612007,-4.540587705077268
2001-03-30,-44.33538033018564,-7.892158309864674,24.69139353699234,-3.6731480253680684
2001-03-31,-44.00131669322498,-7.236211580376571,25.456097104115905,-2.1093714861188815
2001-04-01,-45.106125879618226,-6.266643257548904,26.236379192681227,-2.4487688084051644
2001-04-02,-43.462616550668365,-6.172848353368925,25.86764032124842,-3.057431933848624
2001-04-03,-45.71653448264286,-4.995572185984532,27.708406272049174,-1.023830062841649
2001-04-04,-46.35801191439397,-6.567530661247428,26.774549711069227,0.4303598681458902
2001-04-05,-46.64874941003079,-7.51114446122329,27.779609965987888,0.032615765624181114
2001-04-06,-46.61972563885054,-6.970422080399122,28.043651769397087,0.1862931300597602
2001-04-07,-45.65499955574857,-5.390473389503882,28.65992113737718,1.764183147956221
2001-04-08,-46.328676485743095,-5.493690862252942,27.808529448724563,1.3890095853405493
2001-04-09,-44.69291366556795,-3.822637868446118,27.699587686186597,0.42142359349614567
2001-04-10,-43.578789061654895,-4.953728670159622,27.808119610149,0.7903722100520326
2001-04-11,-45.23245650455114,-4.868659509176144,26.130673920817372,1.0248917999356064
2001-04-12,-47.80299186457648,-5.125781126541115,25.159207471343933,0.9249622211213665
2001-04-13,-47.454883393955804,-6.203931205755486,23.438001492422032,0.349406830362464
2001-04-14,-46.697767409979505,-4.9005704140709945,24.90533077379076,0.17301919330446464
2001-04-15,-47.682460158465034,-6.175159905176119,25.892032456306573,1.485076190201605
2001-04-16,-49.440964359906786,-7.159053724903531,23.99820363950628,2.3560640992158346
2001-04-17,-51.67662200345551,-5.869189403039211,24.979094642998668,2.513707618647287
2001-04-18,-50.99544135425803,-5.141749994659486,24.000202411853255,3.04999568397965
2001-04-19,-51.0304059329524,-5.678026439348091,24.499037913608092,3.836543075223803
2001-04-20,-49.55017356641351,-5.258164449051756,24.01910034082994,4.69191967080701
2001-04-21,-52.9449172701815,-3.3903624578681435,24.243760598600613,4.690795576998208
2001-04-22,-53.45353881988133,-2.6642099547860068,24.303499771866935,4.643321548633062
2001-04-23,-53.66401271442943,-2.8678283633936,24.769683163161424,4.615817558187239
2001-04-24,-53.97935989671913,-3.6421646467984914,25.86700595169561,4.969057882758043
2001-04-25,-52.064502948752796,-3.124644201476988,25.31675072594173,4.96575747517651
2001-04-26,-54.27564777375211,-2.0682843847654517,24.591826715221497,5.296267144624723
2001-04-27,-53.86824796999874,-2.067421956909339,24.958486905360118,4.272943392591044
2001-04-28,-54.01843324392334,-2.0757875364694587,23.673142559662477,2.161602223356131
2001-04-29,-53.18808309628984,-3.2069661405906555,22.286486287591625,2.161317912756428
2001-04-30,-51.71247380587212,-3.325278236197184,21.136133410665362,1.2261357261929162
2001-05-01,-51.675285593671674,-5.249926564270266,18.952468716966408,1.8806009013290526
2001-05-02,-50.67454802687897,-5.66774646009871,18.876688476720126,1.4366965601772475
2001-05-03,-51.26071991296048,-4.971223656459299,18.047174175144804,2.3391418963812467
2001-05-04,-50.36943331393494,-5.2200810798675645,18.874852495994737,2.021280458527986
2001-05-05,-50.933527327277226,-4.07382305651887,17.102093794450795,1.1719475684590124
2001-05-06,-51.06947989486409,-5.568364877426267,16.349085402452594,0.6758526587798281
2001-05-07,-51.12149775614299,-5.156732531814013,17.074563873241768,-0.002455340830998076
2001-05-08,-52.27059530366879,-7.493398212190935,16.396665487058023,0.6796060857394689
2001-05-09,-53.843334363973845,-7.945254934171455,15.50209185268664,0.8899491921379578
2001-05-10,-54.3591187260957,-6.811337960496289,19.296741778515205,3.4407466698891906
2001-05-11,-52.609902630593844,-8.362460371647536,17.488514055619582,3.6130641396424656
2001-05-12,-53.21525366124061,-9.146120154468619,17.211485222354906,2.7143654014245158
2001-05-13,-53.552022417590365,-10.735827341843049,16.294936614053594,3.1890982589093775
2001-05-14,-53.245537718505496,-13.399302152937016,15.96152793891008,3.7236640589146353
2001-05-15,-51.232490467531356,-14.107523499308229,15.385846061392101,4.154820202579733
2001-05-16,-50.26400070428912,-15.720999792634725,14.238022544727803,3.267271420864623
2001-05-17,-52.12710080350714,-15.818172091461348,14.476234911393963,3.2683587593975685
2001-05-18,-52.06969360304133,-14.217178868129361,15.006454959935914,4.915791469241885
2001-05-19,-53.126371249477494,-14.831289630110934,14.368752552684834,3.553633367425642
2001-05-20,-53.41316367516499,-14.681962440219207,14.628530754750827,3.7111724395044745
2001-05-21,-52.47101011075528,-16.255229504140612,16.083349852211654,4.370837368364868
2001-05-22,-52.617219436278134,-15.910594721491957,15.000534063835111,4.707457500723821
2001-05-23,-52.54532794222196,-14.344827648506223,13.679409737109575,1.9888611844245543
2001-05-24,-50.50456297888833,-13.532559923645593,13.78694011417789,2.0161481292136005
2001-05-25,-50.96345021199927,-14.296947420790554,13.661181762091605,1.2284098922729445
2001-05-26,-53.67515422424685,-12.293464218639725,14.379106471196357,0.7596290253796341
2001-05-27,-52.750717604872726,-13.425432902047252,13.463852060291703,0.7576159502563329
2001-05-28,-54.23036345623812,-13.259570858046045,13.242788390042724,1.925381963067998
2001-05-29,-54.009476213453354,-14.205880343987506,13.898754360702261,1.373425433307534
2001-05-30,-53.46062691965707,-14.899984148821497,14.650539089387365,0.5244183021834722
2001-05-31,-52.56133058907163,-13.034078513706305,14.293006817121617,-0.6767743841275317
2001-06-01,-52.10909815414764,-12.422725383178221,13.77557329771304,-0.47018307884341615
2001-06-02,-53.16123287634354,-10.95707623169004,13.22816198155481,0.8132269484140012
2001-06-03,-54.534781180004934,-10.391843322600419,12.671660967031565,1.4618034197076044
2001-06-04,-55.86769011080959,-10.381088508002778,14.37740602732601,2.93995959209375
2001-06-05,-55.77805766598377,-10.966951874245872,12.84189430416316,3.5447065987174913
2001-06-06,-54.762034169681826,-10.165115049702175,13.351902553589024,2.7483172415071477
2001-06-07,-54.557620034942914,-9.133635574497076,11.96977910175815,3.2499003330810097
2001-06-08,-55.40038827166922,-7.90085402979639,12.354678906534721,5.476850488438986
2001-06-09,-56.14566043887697,-9.349146416972978,12.894935579617103,6.0906199787586095
2001-06-10,-56.41710509835718,-10.684221590886619,13.443092927217549,7.576064244506614
2001-06-11,-56.77892818404273,-10.538357961318374,13.571704826556491,8.40242381052544
2001-06-12,-57.519232043191295,-10.375471145759784,14.420513181575943,9.598677228254562
2001-06-13,-56.48062340770483,-11.828555322937408,13.827815348085947,8.850704497088117
2001-06-14,-56.78189078206145,-12.479920131505935,13.836039653419439,9.359810016101097
2001-06-15,-58.022938968110346,-12.529696241763117,13.939377115971334,8.441384887461947
2001-06-16,-58.22306355853989,-12.782999074236864,14.698459386300467,7.9350542703039535
2001-06-17,-58.262370995296905,-14.032433143733094,16.13463404230323,6.495845335867307
2001-06-18,-57.54939126550768,-15.083219595990172,16.749849446103838,6.422242312673172
2001-06-19,-57.112758310049095,-15.726496253870014,15.452179185595899,6.45830463394288
2001-06-20,-57.671541919976775,-14.605027349324363,14.349268955639786,4.370423069026129
2001-06-21,-55.90618097606233,-14.583494369699629,14.85977141718311,2.7084636557416033
2001-06-22,-56.6255839016986,-15.105250730003242,14.284422466787815,2.4306276268708937
2001-06-23,-56.23881013399741,-14.59838176711518,14.23001043531047,1.2661732595708755
2001-06-24,-55.30826211194652,-13.344973926529429,14.792379281643601,2.5306967057947007
2001-06-25,-56.16307142014421,-13.113771635328469,16.425170663988755,3.2139596300131896
2001-06-26,-56.43892087226403,-14.017152940091268,15.87656226957199,3.3727970388555404
2001-06-27,-56.52512672847454,-14.772065964389752,16.54927175307248,3.339608229150659
2001-06-28,-57.99088385378672,-15.34313682907906,16.698350652702654,2.1690698950197227
2001-06-29,-58.910715209640344,-14.67045144846938,15.693338946676535,0.1220923341434137
2001-06-30,-59.06489033885737,-13.032743161145266,15.369987676813613,-0.2648999512231162
2001-07-01,-61.02528651697648,-12.341500943526112,14.664407460813022,-0.06591519963091316
2001-07-02,-61.31736822336173,-14.09698380827952,15.511549086083232,-0.5105210897202265
2001-07-03,-61.152587023132476,-14.250766439381467,17.61316938120284,-0.4382317073364394
2001-07-04,-61.99621445593394,-15.978268510749349,17.900644667846425,-0.8026249164377677
2001-07-05,-59.737066516387536,-15.68649115460001,17.434060936470523,0.4174673489639489
2001-07-06,-60.07289280608427,-15.936843073158819,17.436534089627212,-0.37087506368143663
2001-07-07,-58.64496570240797,-15.647737381733606,19.101993206072965,-1.364721004305057
2001-07-08,-57.615037021682014,-14.574006135029967,20.699675790183473,-0.9875506240380445
2001-07-09,-57.37120721386009,-15.692907440879052,21.511061614172185,-1.4899438737319493
2001-07-10,-56.791055412750524,-16.10444643119549,20.665090094035993,-1.133915883379042
2001-07-11,-58.91572679472991,-15.529990957361951,22.459449013549193,0.42201266464703835
2001-07-12,-59.21274484295613,-16.158748134151367,20.934336850671812,1.509885478121098
2001-07-13,-58.41762304054871,-17.567384030314344,21.0844735185999,1.54741908254837
2001-07-14,-60.21665024217926,-17.662434150322905,20.774939697061814,1.7381640382189854
2001-07-15,-60.18096329690523,-17.512100181687792,19.222512738875903,2.16475931370195
2001-07-16,-58.33138453443794,-17.53334260955768,19.775939284082295,1.779379901199492
2001-07-17,-59.106877455242156,-17.349408141360133,20.98678736033529,1.180159397945769
2001-07-18,-59.49643118990286,-17.571892155913265,22.458904569493182,0.6507062351662967
2001-07-19,-60.875679710449255,-18.10291095163274,22.995061565420333,0.6659132846154122
2001-07-20,-60.529035940955715,-18.33116794456118,22.100516546239206,0.88725041341603
2001-07-21,-59.96428099402193,-14.205195882493207,22.270170900400124,0.3256692008783594
2001-07-22,-59.95152579138389,-15.034999991656104,23.174670087928448,1.0085803202426766
2001-07-23,-60.74881772042444,-15.795491119735434,23.34134199688656,-1.2638111825844929
2001-07-24,-59.137277838216164,-16.163004585348222,25.146801923690518,-1.988093730844511
2001-07-25,-58.77040878215892,-17.600866178567077,25.600654934471446,-0.9216339626482
2001-07-26,-57.87140154601301,-16.373985388355138,25.58431490067531,-1.3107259954030919
2001-07-27,-59.106393285561964,-15.763710780499416,24.83103463022603,-1.2476272155729498
2001-07-28,-59.34389405194493,-13.282346420488341,23.353863459939205,-2.770991718431211
2001-07-29,-58.88961214025502,-12.313470619864587,21.99820181106492,-2.7606593489350475
2001-07-30,-58.036765286078,-12.160679629424456,20.781892055263594,-3.393732962149157
2001-07-31,-56.879512055589444,-11.333566913951415,21.24400203510762,-4.401150055156733
2001-08-01,-57.182355266717074,-11.061119693620592,21.645673064017057,-5.523285321183515
2001-08-02,-57.15504967813166,-9.872741647256909,20.726499793080738,-6.1531904317039245
2001-08-03,-58.04290750377391,-9.088569036002585,21.309698728203085,-3.6654034773907727
2001-08-04,-56.15628466506474,-8.410786629726367,21.658769212017553,-4.098566003229182
2001-08-05,-56.45193357269772,-8.323640030524459,19.321340941683662,-4.637337013649377
2001-08-06,-56.095433715193955,-7.964118614831757,19.70706375739301,-5.536964489745083
2001-08-07,-57.353445353321895,-6.798909245906572,19.2829307552924,-4.8968738025382335
2001-08-08,-57.00108616666781,-5.962608566373525,18.954810332746202,-4.223313990871967
2001-08-09,-56.02554055022854,-4.6035670713192305,19.451459028460384,-2.567644140776244
2001-08-10,-56.6361699656782,-4.649746062008204,20.51099117017413,-3.3189930351414825
2001-08-11,-57.01895978575288,-6.68886813192214,21.495200944364697,-3.0013184203691536
2001-08-12,-57.63278555480926,-8.17998768366671,22.011784620742393,-4.190888225608509
2001-08-13,-58.0139700672345,-7.58255882892309,23.17571101849377,-3.1560866038476103
2001-08-14,-57.943412368423125,-7.388532101128142,21.20249160354706,-4.07567647703433
2001-08-15,-57.491127665870344,-9.107002757946459,22.503953480821046,-6.063027893763368
2001-08-16,-57.28560757643732,-9.1302671139733,24.496657452762538,-6.725751830714132
2001-08-17,-57.00155980405976,-11.14601477730017,23.955309167268183,-5.862093357222266
2001-08-18,-56.02856870292485,-11.272564446128408,22.445163594964484,-5.863582450246375
2001-08-19,-56.30827648566109,-9.819705574719126,22.76956121834775,-5.666027889827763
2001-08-20,-53.95582490547991,-8.36202260966032,21.903620110573225,-5.191049066081157
2001-08-21,-53.253770325848166,-9.357890620019383,20.824446399489773,-6.408556842490883
2001-08-22,-53.71812555068827,-9.441509051859866,22.37173619037529,-7.758679883922715
2001-08-23,-52.551306107022974,-10.97254550188617,22.349724391445207,-5.44953053015641
2001-08-24,-52.88275378826907,-11.762862182354109,22.9017380190397,-4.691854374943077
2001-08-25,-52.51904241792279,-10.756041126475933,21.95676032512462,-5.625671862237166
2001-08-26,-52.88720382705711,-11.701660413263713,21.329619463870372,-6.505812669445433
2001-08-27,-52.85931392218378,-10.251359798728739,19.667586703406997,-5.675707301191616
2001-08-28,-52.91014577699397,-10.669382063240349,17.521632859176343,-5.558623563246676
2001-08-29,-54.323396144899654,-9.713361680426026,16.82575295134361,-5.2363792432633245
2001-08-30,-53.580973495591884,-8.921014519733205,18.025473636209306,-4.0019044955425125
2001-08-31,-53.734916490865274,-9.020629409748224,17.96193263627109,-4.774604015169646
2001-09-01,-53.887798542237825,-10.055755046430153,18.290224913682675,-4.503820976875607
2001-09-02,-55.163505771513556,-9.041639722767119,18.464226869958356,-4.699434558335966
2001-09-03,-53.216549281328135,-9.322310386953806,17.502976749385436,-4.91142353519881
2001-09-04,-55.46992054450926,-8.930703391761392,16.88962932805588,-5.329268111580157
2001-09-05,-56.45469698910897,-8.57311185708462,15.985622199980257,-5.426057897975801
2001-09-06,-57.80324577730863,-9.795606013561121,16.608590034183916,-5.833358117457372
2001-09-07,-57.532263849994784,-9.70098863203128,17.868153825268937,-5.079379164982566
2001-09-08,-57.97848604984015,-9.099178329116208,19.63960811919548,-4.528507984704347
2001-09-09,-58.01833159924822,-7.976126907575351,19.88640618482604,-3.525486210868383
2001-09-10,-57.306408107625145,-8.566997222882492,18.934137052997063,-2.334185129003573
2001-09-11,-57.94526486084808,-8.624839401286298,18.929450977593795,-1.0334094341409203
2001-09-12,-59.5195211709313,-8.765070286853838,19.890465524594227,-0.39183378873789665
2001-09-13,-60.13792960677931,-8.239643769900647,19.34841082747151,-0.7394755070859689
2001-09-14,-59.65247902725144,-9.129335300536974,19.097855893083132,-1.6010230324197974
2001-09-15,-60.8966646141621,-7.9839383396999795,19.45549642492071,-0.6833597794725061
2001-09-16,-62.181823334990995,-6.567726043197793,19.259103106412716,-0.10915156582985663
2001-09-17,-63.05660707608897,-6.798492823277884,19.512806451137937,1.8724963408270021
2001-09-18,-63.21265863518018,-8.181578601439234,19.422171407155286,0.9467559256430361
2001-09-19,-64.71533544817815,-7.030719883230814,19.66823544031484,0.4292347199475829
2001-09-20,-63.600776099034924,-7.983396964870081,21.328822844937527,0.3086281379658574
2001-09-21,-64.31002021426639,-8.700313007447999,20.775666821681774,-0.3125779359252926
2001-09-22,-65.50833323070738,-10.116442906985526,21.23941213393369,0.3289496361153452
2001-09-23,-63.47381809353454,-9.021573615570933,21.44427017068442,0.3196790260900323
2001-09-24,-63.15452287956395,-8.935874644545017,22.700570602398205,1.0700748190699132
2001-09-25,-64.0280788163126,-10.761476911577988,21.12428287117824,0.22952936574208682
2001-09-26,-65.03267156599544,-10.614473312837475,21.183684965577797,0.6926764507105734
2001-09-27,-65.3475049894523,-11.127225111274829,20.41184827734387,0.4513209467146072
2001-09-28,-65.2954392563265,-11.305661961366763,21.56124348028284,0.510203804431666
2001-09-29,-66.1790579998076,-12.432859008929107,20.043900493373496,-1.4955319810323195
2001-09-30,-66.61785667448306,-11.660328981778909,20.48220875722777,-0.7639565385931415
2001-10-01,-68.26458475483508,-11.411317955412704,19.89581610223106,-1.2736663667738064
2001-10-02,-69.47468702658328,-10.164400049847412,21.017953005554126,-1.0225772173016812
2001-10-03,-69.80515360433401,-10.181633429010164,21.726645253695693,0.06497271372200597
2001-10-04,-69.73865233013252,-9.771785037399024,22.28445143582278,0.2477101480220276
2001-10-05,-69.33410156854063,-9.737883921057918,23.36425878710289,1.2495292848126738
2001-10-06,-68.54410531669059,-8.482148993485872,22.47834520256514,0.7082347732521603
2001-10-07,-69.1927767167069,-8.99843985471192,21.784562653095293,2.2160135334596696
2001-10-08,-67.76324514101785,-7.463046253082219,20.913581735652876,1.521574484292562
2001-10-09,-66.91019857286484,-9.691895843506925,21.537444238446184,0.4958000489345433
2001-10-10,-66.5889392642049,-9.185650875088982,21.299755758509253,1.0656870809599979
2001-10-11,-64.59167026502571,-10.0305664551008,22.995854065277733,2.2251174536481786
2001-10-12,-65.66305542207347,-11.044196581405803,21.95914541381211,3.2557830632201714
2001-10-13,-67.3950734769707,-10.168113401144236,20.773995183497277,2.798210356915158
2001-10-14,-65.6996602324097,-9.229808727343148,20.958894844393697,1.192781204314561
2001-10-15,-65.15366715083385,-8.185195468651745,21.70053763823245,0.687622644950656
2001-10-16,-65.21527743536588,-9.04257723506148,23.103820295440038,0.49903051980520763
2001-10-17,-63.55357917830576,-10.033640730678174,22.320809656628384,-0.4613891659355862
2001-10-18,-62.65877321380658,-11.115971881410251,21.399466033497866,-1.179420155459256
2001-10-19,-62.24749652112621,-10.589870017808154,19.372278102447194,-2.1489634768891506
2001-10-20,-61.99925099095909,-8.165275574245793,18.774458528108273,-2.5666185752502133
2001-10-21,-63.132485203758236,-10.061409392205624,17.88963799163961,-2.306263152105194
2001-10-22,-63.34439804517855,-11.29261424418698,18.832064211451673,-2.4997773828831433
2001-10-23,-64.26233578196035,-11.225437496328809,19.245068314287924,-4.079224469433665
2001-10-24,-65.09398913441439,-10.555595299046885,19.722756589164412,-5.273503271398072
2001-10-25,-65.64313607027964,-12.529999769549395,20.880788187134858,-6.111759487979206
2001-10-26,-65.9906979228624,-12.55524485947535,20.92339858718233,-5.904425826816111
2001-10-27,-65.33281186806931,-11.69681326131788,21.228032601047985,-5.223414210605626
2001-10-28,-65.68192416092093,-10.6009532695593,19.399930916118702,-4.291262901087536
2001-10-29,-64.56913493397104,-10.72760489667085,18.101775841108164,-4.616352489748482
2001-10-30,-63.66919967601477,-9.898387334598297,19.595195142475294,-5.0183866244414475
2001-10-31,-63.638665569289714,-9.846967924134198,20.433448908145838,-4.206307938586047
2001-11-01,-63.449289535570905,-8.870538110811792,21.733731851743695,-3.888124215667146
2001-11-02,-63.16888925279491,-8.181785905217719,22.206910819063864,-4.196000812682024
2001-11-03,-62.26552812001096,-9.280181464477838,22.77340759515202,-2.278549288300023
2001-11-04,-62.13329591957683,-9.719577092002437,22.842759915636453,-1.047652771623477
2001-11-05,-63.734421055399345,-10.632869813460252,23.110349403235354,-1.6912775899237644
2001-11-06,-65.36044348454905,-10.749396585852788,24.546715800244257,-0.6527715110864865
2001-11-07,-66.62198426811277,-11.460775678223081,22.926419620928296,-0.42716916629501117
2001-11-08,-66.4574108543214,-9.722968296361085,22.157672027894296,1.022190023614747
2001-11-09,-67.3121736743981,-9.98583436734638,20.368050873269844,0.41345565298927
2001-11-10,-68.26159971908903,-9.230888776037169,18.905946995580724,-1.254901324404806
2001-11-11,-68.42167558782631,-8.272417027095075,19.370466381612896,-0.9254435617880652
2001-11-12,-70.21259649266779,-8.04306861760722,18.798622923670486,-0.28802745396889173
2001-11-13,-71.93733547075139,-8.478471647772292,18.76144772513682,-0.7080682659495333
2001-11-14,-71.72368537701277,-6.327482643070623,18.46483039301518,0.13261308322378995
2001-11-15,-70.72567983679733,-7.34087309511208,17.297353957166827,-1.5745101687845229
2001-11-16,-71.54891069916539,-8.850680560211162,17.991515381436077,-0.5698145220460724
2001-11-17,-72.2854015342627,-9.45712869981333,18.656700271297396,-2.0710272510467336
2001-11-18,-72.049794807237,-10.773123641391827,18.873031997416376,-3.799865113175122
2001-11-19,-71.34482749948641,-11.515969613022776,17.726426034301667,-1.4667573899522854
2001-11-20,-71.28546396076523,-11.035644869950245,18.673439198940397,-1.5328985501199128
2001-11-21,-70.17492451686613,-11.104577545103808,17.10476602840938,-0.8090893110273973
2001-11-22,-69.28079726272864,-11.131422057571449,15.781812585938004,-1.4906461921311895
2001-11-23,-70.19698423733531,-11.744719308692034,14.764845564899398,-1.1157291565656626
2001-11-24,-69.36689512564975,-11.432335206129302,15.069268547628658,-1.3988469355768192
2001-11-25,-69.20392954282919,-11.12848574632369,14.951071273009942,-2.515690903997719
2001-11-26,-68.69226009385635,-10.864453917690202,16.161602356756873,-0.2672759515921266
2001-11-27,-66.97163354932326,-10.730831676314986,14.639694579175172,0.49797097302322757
2001-11-28,-67.01220878243682,-9.910386494174796,13.93849099122389,1.5328499961692432
2001-11-29,-67.32785288837707,-9.459669884661412,16.10582231219038,-0.9993224889191583
2001-11-30,-66.30689820926091,-8.821782414686691,15.678996525725836,0.284496667142605
2001-12-01,-64.06942915367625,-9.848023494932622,16.98996206701341,-0.536985847814615
2001-12-02,-62.988223509191684,-10.187113725226137,17.97643210960793,0.15939025383422178
2001-12-03,-63.17431050680223,-7.991242371543608,17.36954324795774,0.6778947283510262
2001-12-04,-63.47079822674229,-8.867818737243766,17.7151381012871,0.9484945355964247
2001-12-05,-62.546119712680934,-7.722048628528716,18.34900460007889,1.2375129633509836
2001-12-06,-62.552338204328706,-7.716188653919112,20.79208133046505,2.0123817322772917
2001-12-07,-60.95088144063773,-7.6850318883272735,21.464071477117947,1.4878794291329567
2001-12-08,-60.893661478078336,-7.26653684498572,20.793845435187574,2.3647979015144536
2001-12-09,-60.32550282900889,-7.236347354220579,19.76012466987137,2.5166443806558227
2001-12-10,-59.38174525192998,-6.717519670294483,19.846597380727115,2.9007834185108945
2001-12-11,-59.84954476893544,-8.185131305568538,17.45387076997561,4.062416984550192
2001-12-12,-60.260465124996934,-8.628512428572915,16.11021040719028,3.969860755621597
2001-12-13,-60.06276889597078,-6.291791346631612,18.185887642339438,3.8020587197860305
2001-12-14,-58.543951368059304,-4.504481141757764,19.884465366539125,4.328615544223829
2001-12-15,-58.13537207543317,-3.136519552470367,20.30948184977878,4.236336966678224
2001-12-16,-57.257131755280845,-3.3167416545580615,18.68493225479311,5.588098890905255
2001-12-17,-57.38481197213544,-3.830820560114092,17.763223770093937,5.208013337905541
2001-12-18,-60.423810811593825,-3.755536308863446,17.935284016470703,5.853035121069537
2001-12-19,-60.228404228575215,-2.541576226875595,15.658875616997966,4.89698093669592
2001-12-20,-60.382240871546756,-1.8736481209129932,15.749833062371732,4.0556955032810595
2001-12-21,-60.06754079688344,-2.828406934481965,15.579680386020529,4.547724330550318
2001-12-22,-60.96788598290662,-3.896999527092008,15.304086210410473,4.501339765718948
2001-12-23,-61.052900817939864,-3.9876970087543113,15.505432174745383,4.3074907288696895
2001-12-24,-59.04024610255481,-4.340022819621104,14.180655305388967,3.556581426139476
2001-12-25,-60.48920012023779,-4.120349626395923,12.845740561135687,5.152314140619061
2001-12-26,-59.45559933164027,-3.789979750295175,12.75010286874222,6.102567108607435
2001-12-27,-58.36291553006526,-4.341522265678318,13.931562062370885,4.466980900500381
2001-12-28,-57.48701617012643,-5.878550671516438,13.840086009786505,4.587125773066593
2001-12-29,-57.169880960267264,-7.19301542739303,13.831881428601656,5.275548752307141
2001-12-30,-56.83123392334589,-8.042784891072166,12.326785859765348,5.059148881452255
2001-12-31,-56.13501691314792,-7.752737438099028,13.599258690023959,7.179511328174174
2002-01-01,-55.86767818520092,-7.739997114884456,15.789897995435481,8.177138382571464
2002-01-02,-55.02715002431455,-7.866169353478355,14.90881253119371,7.644986635023428
2002-01-03,-54.654787378843984,-8.183145398159997,14.600889028554754,7.191027729961149
2002-01-04,-53.44689402544978,-8.384625461235144,14.511309461853116,7.931994860385618
2002-01-05,-51.85209759527504,-8.914099562592565,13.1291901006235,7.29046882997884
2002-01-06,-51.10345390678467,-8.041139473969205,12.97312800084855,7.4207661683547474
2002-01-07,-51.384034648710326,-8.453658683196384,12.41784016937073,5.838406899825008
2002-01-08,-50.42592004492677,-5.836386187348898,10.230704629060147,5.929514230009887
2002-01-09,-50.27010007625323,-6.587436413515061,9.568682672775608,5.799178713863345
2002-01-10,-49.66306834006295,-6.680394776168145,10.011126775185822,7.294840321747444
2002-01-11,-48.68936751528163,-5.552199680688116,9.12565759231928,7.830932657838685
2002-01-12,-49.00313948103922,-3.5399823117337768,8.0557148319883,6.798603163035112
2002-01-13,-48.07734285885053,-2.628716709093928,7.714374820288543,8.21897513384181
2002-01-14,-49.66594261811291,-1.6808340682988758,7.945522585011915,7.969538831391195
2002-01-15,-50.035228304905566,-2.3230371415366813,8.278386665919179,8.261704927588717
2002-01-16,-49.747218117152556,-3.0890801045582847,8.390308008289411,9.05917410180845
2002-01-17,-50.07479136667122,-2.5327863152679777,8.408597657011752,10.016232558827136
2002-01-18,-49.25353257392214,-2.301920759099116,7.648366524848022,10.328058948762873
2002-01-19,-49.912037754366935,-3.4423120411999024,7.910356905145089,9.613903175424062
2002-01-20,-50.693704045125045,-3.957803843168053,8.060989143559748,9.683624106173244
2002-01-21,-50.9720632000875,-1.8348659200198498,8.840310535626141,9.407430994101558
2002-01-22,-50.90415202990229,-1.8368694095636782,8.7228396257194,9.269182541797937
2002-01-23,-51.187492216446564,-3.4574564309857765,9.60848262860041,10.057350940482497
2002-01-24,-50.45835519284056,-2.3873095580837624,9.062282457916345,12.161849681954315
2002-01-25,-50.522758655883635,-2.1124148964163343,8.998041376728036,12.886102473875303
2002-01-26,-51.558880654155644,-2.2865997976161534,10.305817592471055,12.900569808970905
2002-01-27,-51.43203569560596,-1.0218136242701106,9.411318578354075,13.207291127348869
2002-01-28,-51.615610250821355,-0.6250798368010309,10.877471274946837,13.550338687351335
2002-01-29,-51.484335613749,-2.291106674612602,10.514403571470988,12.684681656198222
2002-01-30,-50.98567261968138,-2.16200354015658,11.78911346313814,13.124851461634702
2002-01-31,-49.92960590485381,-4.046644874149772,11.942881480373531,13.977886666708978
2002-02-01,-48.03660149139284,-5.1601627617009,10.970724674897687,14.201912627832542
2002-02-02,-48.625690720216475,-4.481169729044813,10.714690520829294,15.585408312391381
2002-02-03,-48.839221859352726,-4.0028583605945265,10.722927935994496,15.964637101688803
2002-02-04,-48.99486402128351,-4.874854426016992,11.151840953638489,13.826620028457613
2002-02-05,-49.11927509436307,-4.119559365088627,9.730568123195269,13.597426162941126
2002-02-06,-48.37206480050469,-5.023599466730956,10.396372874572444,15.188142329893758
2002-02-07,-48.343296230975966,-6.7442980472398535,10.513516524720178,16.64279685254251
2002-02-08,-49.812432695062625,-7.689363918862652,10.663513710650944,17.65789723115801
2002-02-09,-49.67767319163734,-6.572051918734322,11.131131429375914,18.593564336276103
2002-02-10,-49.43781177101463,-6.202208751859492,11.248704603188752,17.900441475977985
2002-02-11,-49.39935631496515,-6.477767911156884,9.763924705631243,17.04995641545007
2002-02-12,-48.07927200669803,-8.276186347094399,10.622761414315061,18.17579086769413
2002-02-13,-50.90998861290631,-9.05587315106794,8.788918705979523,18.47062089650958
2002-02-14,-50.22063061283713,-9.036058910433464,8.929253046908388,19.246913392182474
2002-02-15,-51.15942946457033,-9.486902941616783,8.241024599508808,19.284845425529177
2002-02-16,-51.83300602118876,-8.133803868478338,8.17902257210678,19.749921406022334
2002-02-17,-52.433685798514794,-6.507814676494936,6.9071820414924785,19.655696290478314
2002-02-18,-51.9734643215328,-8.23357673339279,6.384281747715153,19.965747212548887
2002-02-19,-50.972591915642916,-8.398934035455957,5.17852175523016,20.300395699098363
2002-02-20,-50.54604342705364,-8.229749946786667,7.276999541613643,23.35676847876364
2002-02-21,-48.62707535416773,-8.331088935254051,6.703975931869093,23.378772985767768
2002-02-22,-47.36884009800039,-7.214748308639038,6.962931148248253,24.652508082558306
2002-02-23,-47.57786019313133,-9.332868927063041,7.804418683776911,23.57036049268644
2002-02-24,-47.74691090357318,-8.436897568278802,7.94238121558048,22.76413921239576
2002-02-25,-48.0471494288854,-9.750712582280899,6.5406459684064036,22.851994208316587
2002-02-26,-48.51839009183953,-9.85545266971948,6.40261309493589,23.735241352933883
2002-02-27,-46.87910045276506,-9.114847209431545,6.640565875340027,23.725033785789964
2002-02-28,-48.12456958285971,-10.155499256359592,6.179263854433997,23.300487080735493
2002-03-01,-49.360942433709184,-10.779043433885029,5.911143686949481,21.89175162030886
2002-03-02,-48.61390847253316,-9.900725507223802,6.2852985082961474,20.747237330738034
2002-03-03,-48.93900434515661,-9.914464537141887,6.310382055331821,22.022000262386964
2002-03-04,-48.1817481484776,-9.822135655336503,8.39039393771737,21.73105735131846
2002-03-05,-48.39834846346915,-10.752734139529771,9.503440641765106,19.926586980039236
2002-03-06,-47.8825560447956,-10.158916195340481,12.011661743450988,21.12021660646303
2002-03-07,-48.10178167861946,-9.18114118183403,12.01640215822032,21.14063482912994
2002-03-08,-49.93630135111723,-7.146663970153936,12.223308486235242,19.966698621436226
2002-03-09,-50.44771981463328,-7.254060072483127,11.664094753732838,19.71940481553141
2002-03-10,-49.104334562013506,-7.368460486277382,11.722012049185293,17.11035137339884
2002-03-11,-49.09665209596086,-6.023505993798771,12.471321443882973,16.84257327291642
2002-03-12,-49.14900256723847,-5.2432666904270455,13.157503774221695,18.203918676202893
2002-03-13,-48.742009536287895,-5.499921417126445,11.911484164530068,17.328786593289873
2002-03-14,-49.191157394502525,-6.2579415383951424,13.596483045575784,15.817192220927613
2002-03-15,-49.493297174614966,-6.35503231507094,12.63398017324032,16.11050547856978
2002-03-16,-51.46094302848201,-7.224916026500926,11.886937500004548,17.002596755567655
2002-03-17,-51.70358134292427,-5.954888888201598,12.798415145005718,18.15320773810118
2002-03-18,-53.45863778887784,-5.7390003621115655,12.416896239898044,18.497420772480467
2002-03-19,-53.74107349114774,-5.145256256118873,13.25762949351963,18.931954568330752
2002-03-20,-52.57087626152587,-5.441714149032366,13.223698369539857,20.48078618147914
2002-03-21,-52.99525047439896,-4.395625266408314,12.357321971370297,18.618116471742592
2002-03-22,-52.844734057223604,-4.269495492358593,13.200150444593092,17.111918523992863
2002-03-23,-52.67670310365832,-3.6448999989143727,13.612944075658936,16.064696717065658
2002-03-24,-54.47995532857805,-3.392169957228969,13.04856639694635,16.114630774175406
2002-03-25,-54.951922311443205,-4.163592994812667,12.432391512250028,17.019831626057695
2002-03-26,-53.65474398395737,-4.919771871418061,12.97969250597026,18.096135678363243
2002-03-27,-53.21894769470095,-4.148034115972475,13.384015866909406,18.837096071127057
2002-03-28,-54.46202050141912,-3.2218706968257305,12.524523527593049,18.801530222149506
2002-03-29,-55.66467263744877,-2.5089047042684216,11.967939653460967,18.79514288418922
2002-03-30,-55.775594166673905,-1.9165284701918757,11.928164166760528,20.079477212184173
2002-03-31,-56.09729056416382,-1.6917736675770432,11.372344037341641,20.512077312412643
2002-04-01,-58.55953865261679,-2.4323271372893234,10.747478537627293,20.884341692170942
2002-04-02,-58.29822127039132,-2.3848896597786213,9.523573674432571,21.479764243648393
2002-04-03,-58.98476166988797,-2.9142529984268735,11.432546814033032,22.13748088562044
2002-04-04,-56.818903225228766,-3.5320009520666025,11.904422070145491,22.85253268758001
2002-04-05,-56.16407779305809,-3.785281411682167,12.316287654828676,24.384347176908435
2002-04-06,-55.69621855036487,-3.6227694081778954,12.217708587536505,23.11103993463925
2002-04-07,-55.77728791912708,-3.004108149302995,11.859845378145025,20.88827120272014
2002-04-08,-56.13031136751428,-3.6497613310529693,11.859912538099797,20.28447496971491
2002-04-09,-57.56030193042603,-3.7073623794404504,11.200216506420213,19.981096201359406
2002-04-10,-57.868092751540985,-2.064189644230601,13.134691804873889,18.98856188453039
2002-04-11,-58.91001389015032,-3.0049216324308956,13.342838701538199,18.605179656588003
2002-04-12,-58.79502451935724,-1.6006510842789694,13.307935612076808,19.722208328599258
2002-04-13,-57.13241965235701,-0.8253492206730415,13.513429034716722,17.89228111545719
2002-04-14,-55.179243499089395,-2.0770858048577017,11.369887353190503,17.422202015204153
2002-04-15,-55.54858160599153,-2.3089188443742956,10.764329665621672,17.497961388467548
2002-04-16,-57.01551267779783,-1.7888911623988102,9.751893614995266,18.452600820512043
2002-04-17,-57.0675867045871,-0.912227772308097,9.640162984932664,18.53852091019725
2002-04-18,-57.64837837109112,-2.0389061896349006,7.726227585655861,16.973841659284883
2002-04-19,-58.39976499086987,-3.1218537619025324,7.600098903283472,16.568385178557907
2002-04-20,-57.24890296629375,-2.9791633686352315,7.249919946132785,15.25784796205231
2002-04-21,-56.311666716679795,-2.8720319451989016,8.530439758633511,13.527246269330073
2002-04-22,-55.88599404807408,-1.9171965717461719,7.863915998171333,13.69246297822751
2002-04-23,-56.33673507341549,-1.4120709090082704,6.7214694650811095,14.059048203003213
2002-04-24,-56.55110137037765,-2.534572949519228,7.387923730409434,13.067389336458541
2002-04-25,-57.97467397697322,-1.1494680617593684,7.601516429854677,11.53563089875318
2002-04-26,-57.29545450557255,-1.8684429765711121,7.577461429910861,11.480806288377845
2002-04-27,-57.950552745873,-2.4878970302718866,8.310357451187473,11.35364632039168
2002-04-28,-57.91036487815524,-2.7449867836943906,7.890751295082127,9.133434601276797
2002-04-29,-57.58966926329866,-3.8741913475725087,6.862664642225593,9.156974015892034
2002-04-30,-57.25299375837731,-4.824293780163606,7.846899186471452,9.203012348393214
2002-05-01,-56.2067809924831,-4.095264313867522,9.180994646136352,9.444142597672265
2002-05-02,-57.07604216611176,-3.132953627783449,7.919239262137854,10.39665398279297
2002-05-03,-55.84825717247506,-3.207266114680688,8.350503627837442,10.513571840518997
2002-05-04,-54.646402706730676,-4.122927205335747,8.296480984151579,9.453472430190391
2002-05-05,-55.256164724156825,-2.8001289760273282,9.300754771842229,10.421945624131167
2002-05-06,-56.487512789488996,-2.1680937190926968,10.17148418546202,11.233313800608958
2002-05-07,-55.94119366600714,-1.3633710422101677,9.383008465811836,10.57650808863831
2002-05-08,-57.06451714422118,-2.616677259179312,9.679380946937329,10.829010007602294
2002-05-09,-57.80456372388057,-4.051279287238351,7.697697099234123,12.369414408722507
2002-05-10,-58.25557214712772,-4.406207140888281,7.471850532893644,12.628310376381418
2002-05-11,-58.048658332610174,-4.0306614445104785,7.274147494069982,13.083029147426354
2002-05-12,-59.01945998226031,-3.299392380965971,7.253780803072223,14.194010973362765
2002-05-13,-58.83765458904959,-4.104807250728536,6.914541952130858,14.052763295284082
2002-05-14,-58.70265955627185,-4.957131697013786,7.246556289633715,15.009696047324084
2002-05-15,-59.19763088130856,-4.942824119098561,6.602051912129371,14.382632523884286
2002-05-16,-59.62528115209609,-6.557520424013026,6.722105373864018,12.913652075994504
2002-05-17,-59.798108979664654,-6.315376240766419,5.715999416507634,13.155665504750038
2002-05-18,-57.92479434627974,-4.672516482994801,6.198355080823364,12.589995949329907
2002-05-19,-57.78038943669681,-4.3424176252857905,6.852206355757695,11.90532148302567
2002-05-20,-58.60462283235306,-3.998134405494822,8.869607796556942,13.381967358715574
2002-05-21,-59.1664466068598,-3.388119509076951,8.000949385783578,12.8025530953446
2002-05-22,-61.45615358563533,-2.8643688002141294,8.52062318646558,12.456164767681399
2002-05-23,-60.23904648806305,-2.029308128253798,5.918997079790282,12.545765962857775
2002-05-24,-61.06211976581587,-3.75805696065763,6.344750204108291,12.570261671031645
2002-05-25,-59.71358097302404,-3.4241566674954345,5.63971523573777,13.195749245699997
2002-05-26,-59.45356991910851,-3.598491131160229,3.8620497850402336,13.604647608514295
2002-05-27,-58.8727173297462,-3.34829892623447,4.825371045889993,13.729314398697404
2002-05-28,-58.38063273762353,-3.046595056608483,5.349756189923963,15.679770209965751
2002-05-29,-59.103148347151986,-2.9902884156716483,6.810365551316616,17.615567299931126
2002-05-30,-57.75130965308304,-1.7557950253154402,6.78759640246361,17.655161626785752
2002-05-31,-57.75611351326628,-2.802832727131623,7.914757561921682,17.9480558514932
2002-06-01,-56.69134748332544,-3.412301926927595,8.810717473721573,17.889836640891467
2002-06-02,-57.210733869687054,-3.1963671337461257,6.885965814239679,17.411699802929572
2002-06-03,-58.2718610138379,-3.0447335126523773,7.581363593316025,18.735335380267614
2002-06-04,-58.22995159330672,-3.1001160667153704,6.894209274018769,18.405272062934692
2002-06-05,-59.97290238133307,-3.6335887404776996,7.9924487447108445,17.28207180819897
2002-06-06,-59.8049795616196,-3.9922911215204455,8.28364217359932,16.549386974785985
2002-06-07,-59.09523151308767,-5.061868710650008,8.592236176543663,15.008770966933728
2002-06-08,-59.24300608661579,-4.325068738873108,9.495010946306328,16.250889600412055
2002-06-09,-57.935385567465524,-5.582291900485445,9.562959433233967,14.595564473992331
2002-06-10,-57.60738237960872,-4.158932464788508,10.689958525795715,14.993909283303312
2002-06-11,-56.53538987642693,-4.613762855732964,9.178721958132776,14.996226269581886
2002-06-12,-56.8673912373544,-4.911404112050989,7.326741975114574,15.181967957372727
2002-06-13,-57.66391378851625,-4.02246282630891,5.176536870845774,14.416637740573657
2002-06-14,-58.60674780665775,-6.176668731828479,6.1304740489863905,15.559266531571975
2002-06-15,-57.55216202570662,-5.684769533475167,7.700539760934043,13.912186720252535
2002-06-16,-58.85352492949678,-3.2021303856506034,7.4672875193182815,13.746271269387378
2002-06-17,-58.15224328423933,-4.441570604946904,5.8224983746342485,15.36403468793727
2002-06-18,-58.629610330522134,-3.046601805138229,4.862133282152475,15.999357416678851
2002-06-19,-59.19522020202941,-1.5354458347806488,4.991150593278852,15.348829700763693
2002-06-20,-59.01882707645296,-2.5577646985045694,6.504816715401068,16.196197619733553
2002-06-21,-58.847223195945126,-2.565838467225089,4.998266070764623,15.856734865202426
2002-06-22,-59.57045479699052,-1.7882288344356512,3.6198544080893424,16.11223925237743
2002-06-23,-61.0440336714536,-2.3930862750015347,2.6200361100845924,14.904320133469412
2002-06-24,-60.14688347575625,-2.164367747695862,1.7970753122025789,15.012340265713558
2002-06-25,-59.043088126429616,-3.223985976208229,3.5009136619899186,14.757280654814213
2002-06-26,-59.25602856032427,-3.167123408053628,3.0646648675690993,16.008664339099507
2002-06-27,-59.64034307356201,-3.123089958512341,3.028770229795936,15.764423565867531
2002-06-28,-58.70827980459432,-3.1362987898615597,2.270722028229072,15.563057669715937
2002-06-29,-59.76405982770718,-2.0934257048171214,1.0257684913643612,14.731885881099803
2002-06-30,-59.81473289045393,-2.5147738507646102,1.2786342017830923,13.483971862992286
2002-07-01,-58.85520226268845,-1.500671848940815,-0.9631735433421467,12.224287078585748
2002-07-02,-59.41507772952882,-0.17086312797880954,1.2525480392975346,11.353009563318782
2002-07-03,-58.93636591830472,-0.4675379722954538,0.6263287659029896,10.677007679265465
2002-07-04,-61.90372933163565,-2.4821352147623506,1.3471062039181447,12.177446957529572
2002-07-05,-63.09023029650739,-4.674228218032556,1.0192412189693303,12.67566690182316
2002-07-06,-64.1551200562815,-5.293524286984218,1.1188270879418574,13.87598608181947
2002-07-07,-63.30678211990712,-6.649647531571089,2.140592811314743,12.746534862893515
2002-07-08,-62.67967987946725,-6.475527219998844,2.0835647563398645,10.6771794786568
2002-07-09,-62.18921070475462,-7.998850958409246,1.8119541628462714,8.58237331448763
2002-07-10,-60.64423075185457,-7.044252555615451,3.9936071705601526,9.078700589486667
2002-07-11,-62.015071427882134,-7.85586297711077,3.143917134379007,7.7675212939119955
2002-07-12,-61.49923642860714,-7.816269067017892,2.1419169387772614,8.792357377313188
2002-07-13,-63.057822182352325,-10.22659467159017,2.411766864083684,8.040524019146757
2002-07-14,-62.49168917090698,-9.819741136005863,0.27646024538625547,7.051636634600961
2002-07-15,-62.284579016844134,-11.23028528672336,0.5829186611985975,6.912185352360507
2002-07-16,-61.904517657601104,-9.8123344674787,1.1647755472387615,7.3551563747696385
2002-07-17,-62.463996044095865,-10.044976753940484,2.345979158972856,8.466005294459155
2002-07-18,-62.18836064667953,-11.355967909278416,2.523617956396315,9.296170467593614
2002-07-19,-64.07655537677095,-11.005494155187703,-0.1462800140337217,6.719391428085974
2002-07-20,-64.87263259438667,-8.051785692834919,0.39294673391970436,7.854384775390885
2002-07-21,-65.51665580853378,-7.654232063228743,-1.3828312401360712,8.797850998509325
2002-07-22,-65.67426912238213,-8.747001951859549,-2.6743439893912444,6.7460836481745075
2002-07-23,-65.51166462789773,-6.8882043463108,-1.6890257703557015,5.64194591997712
2002-07-24,-65.42056691323998,-6.531041011096305,-1.6943642529827145,4.413174599690763
2002-07-25,-65.11571975773775,-5.991541892368819,-0.8161918910123336,4.843800673523907
2002-07-26,-66.30038070743151,-6.488052908076133,-0.540605060503121,6.633937830381766
2002-07-27,-67.35359664098706,-6.740160126576608,-0.9827747706906653,5.444402731596792
2002-07-28,-67.76423945116893,-5.478648675048428,0.08538728326187894,6.187633380950568
2002-07-29,-68.54896285814432,-5.1579765620903935,-0.6168386022859964,6.910840276488306
2002-07-30,-67.84156519332254,-4.269870806109947,-0.1949130848977655,6.832442660657951
2002-07-31,-68.7265952491498,-5.290658874478105,0.704670813175116,6.851385669695009
2002-08-01,-68.1705009829298,-5.581670770021517,0.11183505717876718,7.29506851652168
2002-08-02,-69.04712880960149,-6.25744135622308,1.6335090823138976,4.871771576856096
2002-08-03,-69.47182914034545,-7.575624597079849,2.053597562889609,4.932598987257844
2002-08-04,-70.2395444409444,-8.87690568856299,3.846860758687079,5.04829838176668
2002-08-05,-70.57643743383763,-8.766135300836924,5.386188964356458,6.18501656216389
2002-08-06,-70.40368610048722,-9.438778086864783,5.184410963171677,6.263975837810869
2002-08-07,-69.81270185491537,-10.788768958272723,5.0996388212245956,6.5405881796788545
2002-08-08,-69.23364771640291,-11.495781943563745,5.185274683383543,7.868154808730868
2002-08-09,-69.84262490977675,-10.82164429420048,5.675533373405182,7.592583235616802
2002-08-10,-70.75281761877326,-12.48106704740661,3.3042389523305773,7.142178458117363
2002-08-11,-69.67477932680744,-12.297821651560218,3.130230523380891,5.416745596514165
2002-08-12,-68.79072905686614,-13.45124263441144,3.5584090844439413,5.4040613925348895
2002-08-13,-69.4345583061612,-12.989398721182095,3.649744362637788,4.468179283003955
2002-08-14,-69.12801908786264,-13.197698919496345,4.46959144714618,4.025458297034489
2002-08-15,-69.92185230332863,-13.715514416199436,3.310918299397368,3.8232380439646954
2002-08-16,-69.42512257357812,-13.33202635064222,2.2214730090527017,5.137983434388107
2002-08-17,-68.58604619858815,-12.740940053203932,2.8644472238339396,4.454842201147828
2002-08-18,-67.18286112229188,-14.181760776452133,3.614618277730844,3.866274285268767
2002-08-19,-66.75430472270207,-15.492906897126765,4.344596209187106,3.737147980406992
2002-08-20,-65.92916886400238,-14.006859814135069,4.698764537660147,5.371789425902218
2002-08-21,-64.93649294922693,-15.319041923288957,4.553973729221882,5.180616886620429
2002-08-22,-64.61039750723253,-13.290204719104619,4.844725957377791,6.249955935522219
2002-08-23,-64.50326956668381,-13.194740941465932,5.779750402719396,6.352103312085499
2002-08-24,-63.84491033503007,-13.86629778016327,6.811341233812328,6.532917525184027
2002-08-25,-63.47314065134363,-14.163458450325706,6.797714904163548,5.488936424038608
2002-08-26,-63.187712823475636,-12.66414444559362,7.310353343225765,5.191830965633615
2002-08-27,-63.87643811937841,-11.640880987975097,6.482275089085851,2.59477092698299
2002-08-28,-63.80388668400758,-11.325728487160058,6.776181050903658,2.4709480501075607
2002-08-29,-64.07642449415337,-10.708686257986331,7.214195442816575,3.2229524127095197
2002-08-30,-61.957418551765436,-9.932291957733987,6.664535387400302,3.395914980096359
2002-08-31,-61.455667848801625,-10.44708467271899,5.6514119644793555,3.504375114357013
2002-09-01,-60.66690930734007,-11.975782643103575,5.375395390870072,1.6688284925186814
2002-09-02,-60.06937099049439,-11.425498792584746,7.57348409774326,2.478251390073802
2002-09-03,-60.78302977377654,-11.713090143427229,8.401657508359735,2.4968842855088202
2002-09-04,-60.552344185752474,-9.684900688876347,10.269074077353347,2.5062082093586153
2002-09-05,-58.00684299327125,-8.214478355361377,7.839846344056836,4.20939183298455
2002-09-06,-57.4500154548267,-9.633881510857,7.0700918403935455,3.514631713820643
2002-09-07,-59.843056740127025,-8.184791740525155,7.404373796642021,4.473794636496689
2002-09-08,-58.990700030481676,-8.036634398944582,7.655260576092864,4.681212285345347
2002-09-09,-59.64901773319014,-8.138574259364061,7.204757510119323,4.146236297738505
2002-09-10,-58.818496576615836,-6.329445540510985,8.264280547393286,5.131006626363111
2002-09-11,-59.74153981381774,-4.8668233900724625,7.0789048666092125,2.016815294564346
2002-09-12,-59.45486861371549,-4.8780291435079475,7.841460847145433,0.7710638396809362
2002-09-13,-58.47321052418597,-6.264958302335144,6.7123933786470085,0.6727011624882477
2002-09-14,-59.5471332856877,-7.58668619063071,8.86610997996662,0.6690290720435306
2002-09-15,-59.34540061178343,-7.401987876172246,8.973186175237627,0.22455605461884265
2002-09-16,-58.63197810749098,-7.517582628948744,9.30407977699118,1.5809615426623473
2002-09-17,-58.889558606661225,-8.38289884395586,10.201847726214812,1.2152945107744044
2002-09-18,-60.130161809875986,-9.123105151906053,9.568664291581946,-0.11911618604669227
2002-09-19,-60.745296862784805,-8.139201120528533,7.639183641852815,-0.6733989036700371
2002-09-20,-60.09991385616682,-7.4284173214267115,8.383748353855546,0.8981780407619272
2002-09-21,-59.565716066480704,-6.532325414809042,9.345407870215945,2.0488129250253446
2002-09-22,-60.21099282622828,-6.917802898433222,9.479893591795761,1.9992882492475095
2002-09-23,-62.01379027760017,-7.611377084988935,9.296612344208384,1.9609640353892568
2002-09-24,-63.074685939035355,-9.56010436429021,9.341057952119055,3.4618142777873304
2002-09-25,-63.254196429851206,-8.724834527270012,9.758618753199407,5.108110487703536
2002-09-26,-63.79277706643449,-8.939661420290603,9.016468892161583,5.882795920349725
